"most_recent_classification","tot","q50","q90","q100"
"yes",301,2.59400010108948,62.4270000457764,51592.6809999943
"no",5178,2.49950003623962,122.125600028038,81482.6549999714
"Total",5479,,,
