"Episode Type","No. of episodes","Median","90th percentile","Max"
"yes",1074,8.00763333439827,15.991355000337,17
"no",11606,7.99127499858538,17,17
"active",2515,9,17,17
"tot",15195,,,
