"isStress","num_exactly_zero","num_exactly_one","total","mean","sd"
1,0,0,282,0.730404982415133,0.26155725072789
0,435,2,4946,0.0894706719107927,0.0699517596594906
